Task,Completed
Emergency Contact 1,False
Water Bowl Refill Frequency,False
Favorite Toys,False
Exercise & Playtime Preferences,False
Pet Sitter Contact Info,False
Dog’s Weight,False
Commands Known,False
Favorite Walk Locations,False
Behavioral Issues,False
Medication Schedule,False
Socialization with Other Dogs,False
Emergency Vet Contact,False
Dog’s Birthdate,False
Next Vet Appointment,False
Vet Contact Info,False
Grooming Schedule,False
Special Training Notes,False
Feeding Schedule,False
Health & Vaccination History,False
Daily Routine,False
Behavioral Goals,False
Favorite Treats,False
Medical Conditions/Allergies,False
Walk Routine,False
Dog's Name,False
Favorite Treats,False
Dog's Name,False
Exercise & Playtime Preferences,False
Pet Sitter Contact Info,False
Commands Known,False
Medical Conditions/Allergies,False
Health & Vaccination History,False
Emergency Vet Contact,False
Feeding Schedule,False
Medication Schedule,False
Walk Routine,False
Special Training Notes,False
Behavioral Issues,False
Favorite Toys,False
Behavioral Goals,False
Dog’s Birthdate,False
Daily Routine,False
Vet Contact Info,False
Water Bowl Refill Frequency,False
Next Vet Appointment,False
Grooming Schedule,False
Dog’s Weight,False
Socialization with Other Dogs,False
Emergency Contact 1,False
Favorite Walk Locations,True
